<?xml version="1.0" encoding="UTF-8"?>
<!DOCTYPE mapper
PUBLIC "-//mybatis.org//DTD Mapper 3.0//EN"
"http://mybatis.org/dtd/mybatis-3-mapper.dtd">

<mapper namespace="kro.rubisco.dao.CommentDAO">

<resultMap id="getComment" type="CommentDTO">
	<association property="board" column="document_id" javaType="BoardDTO" select="getBoard" />
	<association property="member" column="member_id" javaType="MemberDTO" select="getMember" />
</resultMap>

<select id="getBoard" resultType="BoardDTO">
select * from board where document_id=#{documentId}
</select>

<select id="getMember" resultType="MemberDTO">
select * from member where member_id=#{memberId}
</select>

<insert id="create">
insert into comments (document_id, content, member_id) 
values (#{documentId}, #{content}, #{memberId})
</insert>

<select id="read" resultMap="getComment">
select cmt.* from comments cmt
join board b on cmt.document_id = b.document_id 
join member m on cmt.member_id = m.member_id
where cmt.comment_id = #{commentId}
</select>

<update id="update">
update comments 
set document_id=#{documentId}, 
	content=#{content}, 
	update_date=SYSDATE
where comment_id = #{commentId}
</update>

<delete id="delete"> delete from comments where comment_id = #{commentId} </delete>

<select id="listAll" resultMap="getComment">
<![CDATA[ 
select cmt.* from comments cmt
join board b on cmt.document_id = b.document_id 
join member m on cmt.member_id = m.member_id
where comment_id > 0 order by comment_id desc
]]>
</select>

</mapper>