<?xml version="1.0" encoding="UTF-8"?>
<!DOCTYPE mapper
PUBLIC "-//mybatis.org//DTD Mapper 3.0//EN"
"http://mybatis.org/dtd/mybatis-3-mapper.dtd">

<mapper namespace="kro.rubisco.dao.MemberDAO">

<resultMap id="getMember" type="MemberDTO">
	<association property="group" column="group_id" javaType="GroupDTO" select="getGroup" />
</resultMap>

<insert id="create">
insert into member (password, email, name, nick_name, group_id)
values (#{password}, #{email}, #{name}, #{nickName}, #{groupId})
</insert>

<select id="read" resultMap="getMember">
select m.* from member m join member_group g on m.group_id = g.group_id where member_id = #{memberId}
</select>

<select id="getGroup" resultType="GroupDTO">
select * from member_group where group_id=#{groupId}
</select>

<update id="update">
update member 
set password=#{password},
	email=#{email}, 
	name=#{name}, 
	nick_name= #{nickName},
where member_id = #{memberId}
</update>

<delete id="delete"> delete from member where member_id = #{memberId} </delete>

<select id="listAll" resultMap="getMember">
<![CDATA[ 
select m.* from member m 
join member_group g on m.group_id = g.group_id 
where m.member_id > 0 order by m.member_id desc, m.create_date desc 
]]>
</select>

</mapper>