<?xml version="1.0" encoding="UTF-8"?>
<beans:beans xmlns="http://www.springframework.org/schema/security"
	xmlns:beans="http://www.springframework.org/schema/beans"
	xmlns:xsi="http://www.w3.org/2001/XMLSchema-instance"
	xsi:schemaLocation="http://www.springframework.org/schema/beans 
	https://www.springframework.org/schema/beans/spring-beans.xsd
	http://www.springframework.org/schema/security 
	http://www.springframework.org/schema/security/spring-security.xsd">
	
	<beans:bean id ="bcryptPasswordEncoder" class="org.springframework.security.crypto.bcrypt.BCryptPasswordEncoder" />
	<beans:bean id="customUserDetailsService" class="kro.rubisco.auth.CustomUserDetailsService" />
	
	<http pattern="/resources/**" security="none"></http>
	<http auto-config="true">
		<intercept-url pattern="/board/**" access="isAuthenticated()"/>
		<form-login
			login-page="/login"
			login-processing-url="/login"
			username-parameter="email"
			password-parameter="password" />
			
		<logout
			logout-url="/logout"
			logout-success-url="/"
			delete-cookies="JSESSIONID, remember-me" />
			
		<remember-me 
			token-validity-seconds="604800" 
			data-source-ref="dataSource" />
	</http>
	
	<authentication-manager>
		<authentication-provider user-service-ref="customUserDetailsService">
			<password-encoder ref="bcryptPasswordEncoder"/>
		</authentication-provider>
	</authentication-manager>

</beans:beans>